{
  "backend_name": "ibm_fez",
  "basis_gates": [
    "cz",
    "id",
    "rz",
    "sx",
    "x"
  ],
  "coupling_map": [
    [
      0,
      1
    ],
    [
      1,
      0
    ],
    [
      1,
      2
    ],
    [
      2,
      1
    ],
    [
      2,
      3
    ],
    [
      3,
      2
    ],
    [
      3,
      4
    ],
    [
      3,
      16
    ],
    [
      4,
      3
    ],
    [
      4,
      5
    ],
    [
      5,
      4
    ],
    [
      5,
      6
    ],
    [
      6,
      5
    ],
    [
      6,
      7
    ],
    [
      7,
      6
    ],
    [
      7,
      8
    ]
  ],
  "num_qubits": 156,
  "qubit_properties": {
    "0": {
      "T1": 3.909192884215863e-05,
      "T2": 2.018189544475997e-05,
      "readout_error": 0.0103759765625
    },
    "1": {
      "T1": 0.00010172075295210244,
      "T2": 0.0001106741147845114,
      "readout_error": 0.0223388671875
    },
    "2": {
      "T1": 0.00017999602925254912,
      "T2": 0.00015587018427096745,
      "readout_error": 0.006103515625
    },
    "3": {
      "T1": 0.00018108165635953198,
      "T2": 0.0001965407505167422,
      "readout_error": 0.0164794921875
    },
    "4": {
      "T1": 0.00011310854662023934,
      "T2": 8.765439775056931e-05,
      "readout_error": 0.0035400390625
    },
    "5": {
      "T1": 0.00013206258388983675,
      "T2": 0.000111736452691781,
      "readout_error": 0.0272216796875
    },
    "6": {
      "T1": 0.00020691590686404377,
      "T2": 0.0001449357884284186,
      "readout_error": 0.005615234375
    },
    "7": {
      "T1": 0.00011883358027855332,
      "T2": 4.004997949013232e-05,
      "readout_error": 0.0186767578125
    }
  },
  "snapshot_utc": "2026-07-18T05:18:59.018725+00:00"
}
